nom,email,adresse,code_postal,ville,telephone,site_web
Emprin (Cuisiniste Montpellier),contact@cuisinistemontpellier.fr,31 rue Saint-Guilhem,34000,Montpellier,04 67 60 69 71,https://cuisinistemontpellier.fr
Les Ateliers Cuisine (SAS Chronoptima),sarlbasilico34@gmail.com,82 rue Icare - ZAC Frejorgues Ouest,34130,Mauguio,06 50 24 07 40,https://www.les-ateliers-cuisine.com
Agence Dugas,contact@jeremydugas.fr,67 passage de l'Imprimerie,34070,Montpellier,04 99 92 13 86,https://agencedugas.fr
L'Esprit Contemporain,contact@esprit-contemporain.com,47 rue Lafeuillade,34070,Montpellier,06 02 64 03 98,https://www.espritcontemporain.fr
Ideo Cuisines,contact@ideocuisines.fr,71 rue Mézière Christin,34690,Fabrègues,04 67 85 87 16,https://www.ideocuisines.fr
Atelier WM,dedinilea.wm@gmail.com,7 avenue du Pont Juvénal,34000,Montpellier,09 81 99 68 22,https://wm-architectedinterieur.com
Agencements MG,contact@mg-agencement.com,Zone Commerciale Frejorgues-Ouest,34130,Mauguio,04 67 13 21 22,https://agencements-mg.fr
Créations Marc Orfila by MCH Design,contactmchdesign@creations-marc-orfila.fr,13 rue Robert Schuman,34430,Saint-Jean-de-Védas,04 67 69 06 07,https://www.creations-marc-orfila.fr
For Interior Living (Poggenpohl Montpellier),contact@poggenpohl-montpellier.com,8 rue de la Coquille,34000,Montpellier,06 71 96 16 29,https://for-interior-living.com
Inside by SP,contact@insidebysp.fr,191 boulevard de Strasbourg,34400,Lunel,04 26 93 99 77,https://www.insidebysp.fr
