Domaine Belle d'Argence,Viticulture Costières de Nîmes,contact@belledargence.com,,Route de Jonquières,30127,Bellegarde,04 66 01 62 29,https://www.belledargence.com
Domaine de Poulvarel,Viticulture Costières de Nîmes,contact@domainedepoulvarel.com,,110 Chemin des lauriers de la Soubeyranne,30210,Sernhac,04 66 01 67 46,https://domainedepoulvarel.com
Château Margarot,Viticulture Costières de Nîmes,contact@chateau-margarot.com,,7 Rue de la Cave,30620,Aubord,04 66 71 12 48,https://www.chateau-margarot.com
Domaine de la Mordorée,Viticulture Tavel,info@domaine-mordoree.com,,250 Chemin des Oliviers,30126,Tavel,04 66 50 00 75,https://www.domaine-mordoree.com
Château de Campuget,Viticulture Costières de Nîmes,campuget@campuget.com,,Château de Campuget,30129,Manduel,04 66 20 20 15,https://campuget.com
Château l'Ermite d'Auzan,Viticulture Costières de Nîmes,contact@lermitedauzan.com,,Chemin d'Auzan,30800,Saint-Gilles,04 66 87 04 49,https://www.lermitedauzan.com
Château de Manissy,Viticulture Tavel,vins-de-tavel@chateau-de-manissy.com,,Route de Roquemaure,30126,Tavel,04 66 82 86 94,https://www.chateau-de-manissy.com
Château d'Aqueria,Viticulture Tavel,contact@aqueria.com,,Route de Pujaut,30126,Tavel,04 66 50 04 56,https://www.aqueria.com
Domaine la Genestière,Viticulture Tavel,contact@domaine-genestiere.com,,Chemin de Cravailleux,30126,Tavel,04 66 50 07 03,https://chateau-genestiere.com
Château Saint Roch,Viticulture Lirac,eve.brunel@chateau-saint-roch.com,,Chemin de Lirac,30150,Roquemaure,04 66 82 82 59,https://www.gardine.com
Domaine Maby,Viticulture Tavel-Lirac,domaine-maby@wanadoo.fr,,249 Rue St Vincent,30126,Tavel,04 66 50 03 40,https://domainemaby.fr
Domaine Duseigneur,Viticulture Lirac,info@domaineduseigneur.com,,Rue Nostradamus,30126,Saint-Laurent-des-Arbres,04 90 02 08 17,https://www.domaineduseigneur.com
Château de Ségriès,Viticulture Lirac,chateaudesegries@wanadoo.fr,,Chemin de la Grange,30126,Lirac,04 66 39 11 98,https://www.chateaudesegries.fr
Château Saint Cyrgues,Viticulture Costières de Nîmes,chateau@saintcyrgues.com,,Route de Montpellier,30800,Saint-Gilles,04 66 87 31 72,https://www.saintcyrgues.com
Château de Nages,Viticulture Costières de Nîmes,info@chateaudenages.com,,Chemin des Canaux,30132,Caissargues,04 66 38 44 30,https://www.chateaudenages.com
Château Mas Neuf,Viticulture Costières de Nîmes,contact@chateaumasneuf.com,,Gallician,30600,Vauvert,04 66 73 33 23,https://www.chateau-mas-neuf.com
Domaine de la Patience,Viticulture Costières de Nîmes,domainedelapatience@orange.fr,,61 RD 6086,30320,Bezouce,04 66 75 95 94,https://www.domainedelapatience.com
Domaine de la Valériane,Viticulture Côtes du Rhône,contact@domainevaleriane.com,,82 Route d'Estézargues,30390,Domazan,04 66 57 04 84,https://www.domainevaleriane.com
Mas des Bressades,Viticulture Costières de Nîmes,contact@masdesbressades.fr,,Le grand Plagnol,30129,Manduel,04 66 01 80 20,https://www.masdesbressades.com
Château de Bosc,Viticulture / Œnotourisme,contact@chateaudebosc.fr,,RN 100 chemin du Bosc,30390,Domazan,04 66 57 65 11,https://www.chateaudebosc.fr
Domaine Saint Firmin,Viticulture Duché d'Uzès,domstfirmin@gmail.com,,1-6 rue Saint Firmin,30700,Uzès,04 66 22 11 43,https://www.saint-firmin.com
Mas Granier Mas Montel,Viticulture AOC Languedoc,contact@masgranier.com,,2 chemin du Mas Montel,30250,Aspères,04 66 80 01 21,https://www.masgranier.com
Château de Valcombe,Viticulture Costières de Nîmes,info@chateaudevalcombe.com,,Route Départementale 14 Km 5,30510,Générac,04 66 01 32 20,https://chateaudevalcombe.com
Château Beaubois,Viticulture Costières de Nîmes,chateaubeaubois@orange.fr,,RD 6572,30640,Franquevaux-Beauvoisin,04 66 73 30 59,https://www.chateau-beaubois.com
Château d'Arpaillargues,Hôtellerie 4 étoiles,arpaillargues@orange.fr,,4 rue du Château,30700,Arpaillargues-et-Aureillac,04 66 22 14 48,https://www.chateaudarpaillargues.com
Le Mas des Oules,Mas séminaire / mariage,info@lemasdesoules.com,,Route de Saint-Hippolyte,30700,Saint-Victor-des-Oules,06 87 90 18 79,https://www.lemasdesoules.eu
Mas de l'Espérance,Mas mariage / chambres d'hôtes,contact@mas-esperance.com,,176 rue du Falcon,30800,Saint-Gilles,04 66 70 01 51,https://www.mas-esperance.com
Domaine Arbaud,Mas séminaire / mariage,domainearbaud@orange.fr,,Mas d'Arbaud,30129,Redessan,06 64 84 95 00,https://www.domainearbaud.com
Mas de Rey Uzès,Mas séminaire,masderey.uzes30@gmail.com,,Mas de Rey,30700,Arpaillargues-et-Aureillac,06 64 58 08 85,https://www.masderey-uzes.com
Le Mas du Versadou,Mas mariage / chambres d'hôtes,lemasduversadou@gmail.com,,Route des Iscles,30800,Saint-Gilles,06 24 68 84 26,https://masduversadou.fr
Hostellerie Le Castellas,Hôtel 4 étoiles / Restaurant,info@lecastellas.com,,30 Grand'Rue,30210,Collias,04 66 22 88 88,https://www.lecastellas.com
Le Mas de Peyre,Mas mariage / chambres d'hôtes,contact@masdepeyre.com,,Chemin du Pont des Iles,30230,Rodilhan,04 26 93 99 14,https://www.masdepeyre.com
La Maison d'Uzès,Hôtel 5 étoiles Relais & Châteaux,contact@lamaisonduzes.fr,,18 rue du Docteur Blanchard,30700,Uzès,04 66 20 07 00,https://www.lamaisonduzes.fr
Auberge d'Uzès,Hôtel restaurant,auberge-uzes@wanadoo.fr,,Pont des charrettes,30700,Uzès,04 66 22 16 15,https://www.auberge-uzes.fr
Hôtel Jardins Secrets,Hôtel de charme,contact@jardinssecrets.net,,3 rue Gaston Maruejols,30000,Nîmes,04 66 84 82 64,https://www.jardinssecrets.net
Restaurant SKAB,Restaurant gastronomique Michelin,contact@restaurant-skab.fr,,7 Rue de la République,30000,Nîmes,04 66 21 94 30,https://www.restaurant-skab.fr
Restaurant Le Tracteur,Restaurant gastronomique,d.bellano@orange.fr,,Argilliers,30210,Argilliers,04 66 62 17 33,https://www.letracteur-restaurant.fr
Restaurant Rouge - Hôtel Chouleur,Restaurant Michelin,rouge@margaret-hotelchouleur.fr,,6 rue Fresque,30000,Nîmes,04 48 27 08 01,https://www.margaret-hotelchouleur.com
Le M du Mas Merlet,Restaurant gastronomique,contact@le-m-nimes.fr,,903 Chemin du Mas de Sorbier,30000,Nîmes,04 66 06 07 63,https://le-m-nimes.fr
Mas Merlet,Mas réception / mariage,contact@mas-merlet.com,,903 Chemin du Mas de Sorbier,30000,Nîmes,04 66 06 07 63,https://mas-merlet.com
La Table du 2,Restaurant Musée Romanité,contact@latabledu2.com,,2 rue de la République,30000,Nîmes,04 48 27 22 22,https://latabledu2.com
Office Notarial du Duché Sevcik Argouin,Notaire,sms.uzes@notaires.fr,,6 avenue Georges Chauvin,30700,Uzès,04 66 22 16 60,https://officenotarialduduche-sevcik-argouin-uzes.notaires.fr
Étude Voltaire (succ. Deimon),Notaire,etude.voltaire@notaires.fr,,6 Rue Fernand Pelloutier,30906,Nîmes,04 66 36 36 20,https://notaires-carredart-nimes.notaires.fr
Office Notarial Scribe (Durand),Notaire,etude.durand@notaires.fr,,8 Boulevard Lacombe,30200,Bagnols-sur-Cèze,04 66 89 60 62,https://notaire-scribe.fr
Notaires en Cèze (Lambert),Notaire,etude.lambertetassocies@notaires.fr,,53 Rue de la République,30200,Bagnols-sur-Cèze,04 66 89 61 08,
Office Notarial Martre Alary Simoncic-Carneiro,Notaire,martre-alary-simoncic@notaires.fr,,Alès,30100,Alès,04 66 52 06 75,https://martre-alary-simoncic.notaires.fr
EMS Avocats,Avocat,contact@ems-avocats.fr,,28 boulevard Victor Hugo,30000,Nîmes,,https://ems-avocats.fr
Cabinet Camille Monestier Avocat,Avocat,camille.monestier@gmail.com,,22 rue d'Avéjan,30100,Alès,07 81 29 54 29,https://www.camille-monestier.com
Cabinet Cindy Martinez Avocat,Avocat,avocat@cindymartinez.fr,,4 Rue Jean Julien Trélis,30100,Alès,06 37 76 23 18,https://www.cindymartinezavocat.com
CLR Avocats,Avocat,contact@clr-avocats.fr,,1 bis avenue de la Libération,30700,Uzès,,https://clr-avocats.fr
Cabinet ARCF Expert-Comptable,Expert-comptable,contact@cabinet-arcf.com,,180 rue Guy Arnaud,30900,Nîmes,04 66 23 63 53,http://cabinet-arcf.com
Exxactitude Expert-Comptable,Expert-comptable,contact@exxactitude.com,,Nîmes,30000,Nîmes,09 72 52 27 00,https://www.exxactitude.com
Nouvelle Clinique Bonnefon ELSAN,Clinique privée,secretariat-direction.bon@elsan.care,,45 avenue Carnot,30104,Alès,04 66 56 34 00,https://www.elsan.care/fr/nouvelle-clinique-bonnefon
Clinadent Centre Dentaire Nîmes,Centre dentaire,contact@clinadent.fr,,Nîmes,30000,Nîmes,04 66 28 25 69,https://clinadent.fr
Charme et Terroir Immobilier,Immobilier,contact@ctiuzes.com,,Uzès,30700,Uzès,04 66 72 98 71,https://www.ctiuzes.com
Imovimmo,Immobilier,contact@imovimmo.fr,,Uzès,30700,Uzès,04 66 01 48 03,https://www.imovimmo.fr
Centre Alès Immobilier,Immobilier,contact@centrealesimmo.fr,,Alès,30100,Alès,,https://www.centrealesimmo.fr
Laurent Immobilier,Immobilier,contact@laurent-immo.com,,Alès,30100,Alès,,https://www.laurent-immo.com
Agence Reynes Immobilier,Immobilier,contact@agence-reynes.fr,,6 Bis Rue Michelet,30100,Alès,04 66 52 77 97,https://www.agence-reynes.com
Nimea Immobilier,Immobilier,contact@nimea.fr,,2777 route de Courbessac,30000,Nîmes,04 66 67 97 80,https://www.nimea.fr
Montaury Immobilier,Immobilier,contact@montaury-immobilier.com,,60 avenue Georges Pompidou,30000,Nîmes,04 66 04 29 60,https://www.montaury-immobilier.com
Ausset Immobilier,Immobilier,contact@ausset.com,,4 Square Antonin,30000,Nîmes,04 66 21 14 46,https://ausset.com
Onze Productions,Agence communication & événementiel,contact@onze-productions.com,,25 Avenue Carnot,30000,Nîmes,09 83 54 33 16,https://onze-productions.com
Agence Fairytale,Wedding planner,contact@agencefairytale.com,,Nîmes,30000,Nîmes,06 21 22 70 70,https://agencefairytale.com
Egide Power,Installateur photovoltaïque,contact@egide-power.com,,545 Chemin du Chai Saint Césaire,30900,Nîmes,04 75 79 08 13,https://egide-power.com
Crédits O'Carré,Courtier en crédit,contact@credits-o-carre.com,,483 avenue Jean Prouvé,30900,Nîmes,04 66 06 83 47,https://www.credits-o-carre.com
Cabinet Montalban,Expert-comptable,contact@montalban.experts-comptables.fr,,7 Bis rue Saint Exupéry,30100,Alès,04 66 52 27 16,https://www.montalban.fr
SEC2AG (2AG Audit Assistance Gardois),Expert-comptable,gilles-julien.riviere@sec2ag.net,,175 Ancien Chemin de Méjannes,30100,Alès,04 66 52 37 16,https://www.sec2ag.net
La Grande Galerie Uzès,Galerie d'art,contact.lagrandegalerie@gmail.com,,18 Rue de La Grande Bourgade,30700,Uzès,06 72 28 04 67,https://www.la-grande-galerie.com
Prestaart Gallery,Galerie d'art contemporain,hs.prestaart@gmail.com,,6 place Dampmartin,30700,Uzès,06 61 26 53 27,https://www.prestaart.com
Antiquités Forest,Antiquaire,la.forest@wanadoo.fr,,Uzès,30700,Uzès,04 66 52 22 13,https://www.antiquites-forest.com
Domaine des Sauvaire,Viticulture IGP Cévennes,herve@domaine-sauvaire.fr,,Chemin du Mas de Reilhe,30260,Crespian,04 66 77 89 71,https://www.domaine-sauvaire.fr
Domaine Salle de Gours,Viticulture IGP Cévennes,salle.de.gour@wanadoo.fr,,Mas Salle de Gour,30170,Saint-Hippolyte-du-Fort,04 66 77 66 60,https://vin-cevennes.com
Domaine Cabanis,Viticulture Costières de Nîmes,contact@domainecabanis.com,,Vauvert,30600,Vauvert,,https://www.domainecabanis.com
Château Correnson,Viticulture Lirac,contact@chateau-correnson.fr,,Saint Geniès de Comolas,30150,Saint-Geniès-de-Comolas,,https://www.chateau-correnson.com
Château de L'Amarine,Viticulture Costières de Nîmes,chateaulamarine@wanadoo.fr,,Campuget,30129,Manduel,04 66 20 20 15,
Domaine de Bellevue Meger,Viticulture Côtes du Rhône Signargues,bellevuemeger@orange.fr,,36 Chemin D'Audonade,30390,Domazan,06 21 22 32 49,https://www.bellevue-meger.fr
Step'com,Agence de communication,gregoire@stepcom.fr,,715 bis Chemin du Chai,30900,Nîmes,04 66 63 98 57,https://www.stepcom.fr
Illunimes,Agence de communication,contact@illunimes.com,,190 rue André Simon,30000,Nîmes,06 17 39 57 97,https://illunimes.com
Nîmes Publicité (BIG X),Agence de communication,contact@nimes-publicite.fr,,Domaine des Gravières,30560,Saint-Hilaire-de-Brethmas,06 79 35 28 58,https://nimes-publicite.fr
Foncia Fabre Gibert Bagnols,Immobilier,fabregibertbagnols@foncia.fr,,41 avenue Jean Perrin,30200,Bagnols-sur-Cèze,,https://fr.foncia.com
Bel Immobilier Bagnols,Immobilier,n.belle@belimmobilier.immo,,Bagnols-sur-Cèze,30200,Bagnols-sur-Cèze,,
Office Notarial Fériaud Beaucaire,Notaire,feriaud.perrier.mestre@notaires.fr,,13T Cours Gambetta,30300,Beaucaire,04 66 59 21 26,https://www.feriaud-notaires.fr
Domaine de Trépaloup,Viticulture IGP Cévennes bio,,https://domainetrepaloup.com/contact,Rue du Moulin d'huile,30260,Saint-Clément,04 66 77 48 39,https://domainetrepaloup.com
Château l'Argentier,Viticulture Vin de Pays Gard,contact@chateauargentier.fr,,Chemin de l'Argentier,30250,Sommières,04 66 80 98 66,http://chateauargentier.fr
Château de Bouchassy,Viticulture Lirac,contact@chateaubouchassy.com,,3757 chemin de la Vallu,30150,Roquemaure,04 66 82 82 49,https://www.chateaubouchassy.com
Mas Isabelle,Viticulture Lirac,contact@mas-isabelle.com,,40 rue du Pont de Nizon,30126,Lirac,04 66 50 47 98,https://www.mas-isabelle.vin
Cave des Vignerons de Tavel & Lirac,Cave coopérative,contact@cave-tavel-lirac.fr,,685 rue Baron le Roy,30126,Tavel,04 66 50 03 57,https://cave-tavel-lirac.fr
Le Clos de Pradines,Hôtel restaurant,,https://clos-de-pradines.com/fr/contact,Place du Pigeonnier,30700,Saint-Quentin-la-Poterie,04 66 20 04 89,https://clos-de-pradines.com
Labruyère Immobilier,Immobilier,contact@labruyere-immobilier.com,,10 avenue de la Libération,30700,Uzès,04 66 03 41 71,https://labruyere-immobilier.com
SCP Belin Laurent Ortega Huissier,Commissaire de justice,belin.laurent@belin-laurent.com,,Nîmes,30000,Nîmes,04 66 29 18 14,https://www.huissier-justice-gard.fr
SCP Pelleriaux Gisclard Commissaire Justice,Commissaire de justice,etude@cdj-pgbc.fr,,1 rue Saint Marc,30012,Nîmes,04 66 21 88 94,
Domaine de Ceyrac,Gîte / domaine de réception,,https://www.domaine-ceyrac.com/fr/contact.php,Domaine de Ceyrac BP 37,30170,Conqueyrac,04 66 35 73 22,https://www.domaine-ceyrac.com
Clés du Paradis,Gîte / domaine mariage,clesduparadis@orange.fr,,Cros,30170,Saint-Hippolyte-du-Fort,04 66 71 35 58,https://gite-paradis.fr
La Magnanerie d'Hôtes,Maison d'hôtes,magnaneriedhotes30610@gmail.com,,Route de Fonsanges,30610,Sauve,06 75 92 72 78,https://www.la-magnanerie-dhotes.com
Le Marchand de Vins Uzès,Caviste,contact@lemarchanddevins.fr,,24 Bd Gambetta,30700,Uzès,04 66 72 56 54,https://uzesmarchanddevins.com
Gard O Vin,Caviste,gardovin@gmail.com,,3 Impasse du Marché,30000,Nîmes,09 52 15 79 74,
La Cave du Suisse d'Alger,Caviste,au-suisse-d-alger@wanadoo.fr,,12 Rue de la République,30700,Uzès,04 66 03 44 86,
Domaine Roc d'Anglade,Viticulture IGP Gard,contact@rocdanglade.fr,,700 Chemin de Vigne Croze,30980,Langlade,04 66 81 45 83,https://www.rocdanglade.fr
Domaine Fortuné,Viticulture bio,domaine.fortune@gmail.com,,9 Rue des Aires,30250,Souvignargues,04 66 77 11 94,https://www.domaine-fortune.com
Domaine La Jasse d'Isnard,Viticulture,domaine@jassedisnard.com,,D 288,30470,Aimargues,04 66 88 61 98,https://jassedisnard.com
Domaine Deleuze-Rochetin,Viticulture bio Duché d'Uzès,contact@deleuzerochetin.com,,20 Chemin du Moulin,30700,Arpaillargues-et-Aureillac,04 66 59 65 27,https://www.deleuzerochetin.com
Domaine Agarrus,Viticulture bio,serge.scherrer@free.fr,,23 Chemin de Garrian,30700,Vallabrix,04 66 68 29 21,
# Total: 103 leads
# Emails vérifiés (extraits d'une source textuelle réelle) : 100
# Formulaires uniquement (email pas trouvé) : 3
# Skippés totalement (pas exploitables) : non comptabilisé (plusieurs leads abandonnés en cours de recherche faute de source vérifiable)
# Sources principales utilisées : pagesjaunes.fr, societe.com, mentions légales sites, notaires.fr, tourismegard.com, vigneron-independant.com, costieres-nimes.org, sites institutionnels officiels
