Domaine Pastouret,Viticulture,contact@domaine-pastouret.com,,1015 chemin de Pastouret,30127,Bellegarde,04 66 01 62 29,https://www.domaine-pastouret.com
Domaine de la Tour de Bone,Viticulture,contact@domainetourdebone.com,,Chemin de la Tour de Bone,30127,Bellegarde,04 66 01 64 27,https://www.domainetourdebone.com
Mas des Cabres,Viticulture,,https://www.masdescabres.fr/contact,Route de Saint-Gilles,30127,Bellegarde,04 66 01 62 50,https://www.masdescabres.fr
Domaine Galus,Viticulture,contact@domainegalus.com,,Mas de Galus,30127,Bellegarde,04 66 01 13 03,https://www.domainegalus.com
Château Grande Cassagne,Viticulture,grandecassagne@orange.fr,,Mas Cassagne,30800,Saint-Gilles,04 66 87 32 90,https://www.chateau-grande-cassagne.com
Mas Neuf des Costières,Viticulture,contact@mas-neuf.com,,Mas Neuf,30800,Saint-Gilles,04 66 87 04 87,https://www.mas-neuf.com
Château La Bastide,Viticulture,,https://www.chateau-la-bastide.com/contact,Route de Garons,30128,Garons,04 66 70 04 16,https://www.chateau-la-bastide.com
Domaine de Cornélis,Viticulture,domaine.cornelis@wanadoo.fr,,Chemin de Cornélis,30900,Nîmes,04 66 28 19 25,https://www.domaine-cornelis.fr
Domaine Vincent Andrieu,Viticulture,vincent.andrieu@orange.fr,,Mas Long,30640,Beauvoisin,04 66 73 22 88,https://www.domaine-vincent-andrieu.fr
Château Vessière,Viticulture,contact@chateau-vessiere.com,,Route de Beaucaire,30900,Nîmes,04 66 38 14 49,https://www.chateau-vessiere.com
Domaine Vincent Roux,Viticulture,domainevincentroux@orange.fr,,Quartier les Garrigues,30126,Tavel,04 66 50 14 91,https://www.domaine-vincent-roux.fr
Domaine Roger Sabon,Viticulture,info@domaineroger-sabon.com,,Avenue Impériale,30126,Lirac,04 90 83 71 72,https://www.domaine-roger-sabon.fr
Domaine Lafond Roc Epine,Viticulture,info@lafond-roc-epine.com,,Route des Vignobles,30126,Tavel,04 66 50 24 59,https://www.lafond-roc-epine.com
Domaine Maby,Viticulture,info@domainemaby.fr,,Avenue Jean Jaurès,30126,Tavel,04 66 50 03 40,https://www.domainemaby.fr
Domaine du Joncier,Viticulture,domainedujoncier@gmail.com,,1 rue de la Combe,30126,Lirac,04 66 50 27 70,https://www.domainedujoncier.com
Château de Ségriès,Viticulture,contact@chateaudesegries.com,,Route d'Avignon,30126,Lirac,04 66 50 25 11,https://www.chateaudesegries.com
Domaine de la Genestière,Viticulture,info@genestiere.com,,Chemin de Cravailleux,30126,Tavel,04 66 50 07 03,https://www.genestiere.com
Château Mont-Redon,Viticulture,contact@chateaumontredon.fr,,Route d'Orange,30150,Roquemaure,04 90 83 72 75,https://www.chateaumontredon.com
Domaine de Sainte-Anne,Viticulture,contact@domaine-saint-anne.com,,Les Cellettes,30200,Saint-Gervais,04 66 82 77 41,https://www.domaine-saint-anne.com
Domaine Magalanne,Viticulture,contact@magalanne.com,,Mas Magalanne,30126,Saint-Laurent-des-Arbres,04 66 50 04 32,https://www.magalanne.com
Domaine Coudoulis,Viticulture,coudoulis@wanadoo.fr,,Route de Lirac,30150,Saint-Geniès-de-Comolas,04 66 50 12 80,https://www.domaine-coudoulis.fr
Domaine de Gournier,Viticulture,domaine.gournier@wanadoo.fr,,Quartier Gournier,30260,Cannes-et-Clairan,04 66 77 30 79,https://www.domainedegournier.fr
Domaine Massereau,Viticulture,contact@domaine-massereau.com,,Mas Massereau,30250,Aubais,04 66 77 32 09,https://www.domaine-massereau.com
Mas Granier,Viticulture,contact@masgranier.fr,,Mas Granier,30250,Aspères,04 66 80 03 23,https://www.masgranier.fr
Domaine Guinand,Viticulture,info@domaine-guinand.com,,Chemin de Guinand,30260,Brouzet-lès-Quissac,04 66 77 31 31,https://www.domaine-guinand.com
Cellier des Chartreux,Viticulture,contact@cellier-chartreux.com,,Route Nationale 86,30131,Pujaut,04 90 26 32 05,https://www.cellier-chartreux.com
Cave de Cruviers,Viticulture,contact@cave-cruviers.com,,Cruviers-Lascours,30360,Cruviers-Lascours,04 66 83 21 27,https://www.cave-cruviers.com
Domaine du Grand Lauzon,Viticulture,grandlauzon@wanadoo.fr,,Chemin du Grand Lauzon,30700,Saint-Maximin,04 66 22 23 91,https://www.domainedugrandlauzon.fr
Mas Bruguière,Viticulture,contact@mas-bruguiere.fr,,Mas Bruguière,30210,Saint-Hilaire-d'Ozilhan,04 66 37 39 76,https://www.mas-bruguiere.com
Domaine Saint Antonin,Viticulture,saintantonin@orange.fr,,Route d'Uzès,30700,Uzès,04 66 22 04 47,https://www.domaine-saint-antonin.com
Mas de Boislauzon,Viticulture,boislauzon@wanadoo.fr,,Chemin de Boislauzon,30200,Bagnols-sur-Cèze,04 66 89 64 47,https://www.boislauzon.com
Mas d'Espanet,Viticulture,info@masdespanet.com,,Mas d'Espanet,30730,Saint-Mamert-du-Gard,04 66 81 10 27,https://www.masdespanet.com
Cellier de Cesseras,Viticulture,contact@cellier-cesseras.com,,Route de Cesseras,30700,Vallabrix,04 66 22 12 50,https://www.cellier-cesseras.fr
Mas de Mante,Viticulture,contact@masdemante.fr,,Route de Quissac,30260,Quissac,04 66 77 26 25,https://www.masdemante.fr
Mas Vinarels,Viticulture,vinarels@wanadoo.fr,,Mas Vinarels,30340,Saint-Jean-de-Valériscle,04 66 25 35 67,https://www.masvinarels.fr
Hôtel La Maison d'Uzès,Hôtellerie,contact@lamaisonduzes.fr,,18 rue du Docteur Blanchard,30700,Uzès,04 66 20 07 00,https://www.lamaisonduzes.fr
La Bégude Saint-Pierre,Hôtellerie,reservation@hotel-begude-saint-pierre.com,,295 chemin des Bégudes,30210,Vers-Pont-du-Gard,04 66 02 63 60,https://www.hotel-begude-saint-pierre.com
Le Vieux Castillon,Hôtellerie,vieux.castillon@wanadoo.fr,,10 rue Turion Sabatier,30210,Castillon-du-Gard,04 66 37 61 61,https://www.vieuxcastillon.com
Hôtel Le Saint-Géniès,Hôtellerie,contact@hotel-saint-genies.com,,Route de Générac,30900,Nîmes,04 66 38 09 09,https://www.hotel-saint-genies.com
Mas de l'Amarine,Hôtellerie,contact@masdelamarine.fr,,Chemin de l'Amarine,30300,Beaucaire,04 66 59 49 75,https://www.masdelamarine.fr
Mas de la Chapelle,Hôtellerie,info@mas-chapelle.com,,Route de Saint-Gilles,30300,Beaucaire,04 66 59 22 49,https://www.mas-chapelle.com
Château d'Arpaillargues,Hôtellerie,reception@chateaudarpaillargues.com,,Route d'Anduze,30700,Arpaillargues,04 66 22 14 48,https://www.chateaudarpaillargues.com
Mas de l'Olivier,Hôtellerie,contact@masdelolivier-uzes.com,,Route d'Alès,30700,Uzès,04 66 22 11 41,https://www.masdelolivier-uzes.com
Château de Pondres,Hôtellerie,contact@chateaudepondres.fr,,Quartier de Pondres,30250,Villevieille,04 66 80 19 19,https://www.chateaudepondres.fr
Hostellerie Le Castellas,Hôtellerie,lecastellas@relaischateaux.com,,30 Grand'Rue,30210,Collias,04 66 22 88 88,https://www.lecastellas.com
Le Mas Trilles,Hôtellerie,info@mas-trilles.com,,Le Pont d'Hérault,30570,Valleraugue,04 67 82 25 02,https://www.mas-trilles.com
Domaine d'Aigues Belles,Hôtellerie,contact@aigues-belles.com,,Domaine d'Aigues Belles,30260,Brouzet-lès-Quissac,04 66 80 02 03,https://www.aigues-belles.com
Mas de Pierredon,Hôtellerie,contact@mas-pierredon.com,,Chemin de Pierredon,30260,Sommières,04 66 80 31 88,https://www.mas-pierredon.com
La Maison Felisa,Hôtellerie,contact@maisonfelisa.com,,5 rue du Docteur Sigallas,30220,Aigues-Mortes,04 66 53 73 79,https://www.maisonfelisa.com
Restaurant La Maison de Petit Pierre,Restauration,contact@maisondepetitpierre.fr,,17 rue de Sauve,30100,Alès,04 66 30 84 04,https://www.maisondepetitpierre.fr
Restaurant Le Comptoir du 7,Restauration,,https://www.comptoirdu7.com/contact,7 rue Émile Jamais,30000,Nîmes,04 66 36 16 16,https://www.comptoirdu7.com
Restaurant Le Vintage,Restauration,contact@levintage-restaurant.fr,,7 rue de Bernis,30000,Nîmes,04 66 21 04 45,https://www.levintage-restaurant.fr
Restaurant La Table du 2,Restauration,latabledu2@gmail.com,,1 place de la Maison Carrée,30000,Nîmes,04 66 36 71 16,https://www.latabledu2.com
Restaurant Le Lisita,Restauration,lelisita@wanadoo.fr,,2 boulevard des Arènes,30000,Nîmes,04 66 67 29 15,https://www.lelisita.com
Restaurant Vincent Croizard,Restauration,,https://www.restaurantcroizard.com/contact,17 rue des Chassaintes,30000,Nîmes,04 66 67 04 99,https://www.restaurantcroizard.com
Restaurant Le Tracteur,Restauration,letracteur30@gmail.com,,Route de Saint-Quentin,30210,Argilliers,04 66 22 90 09,https://www.le-tracteur.fr
Restaurant Ten,Restauration,,https://www.restaurant-ten.fr/contact,5 rue du Major Pierre Lauriol,30700,Uzès,04 66 22 13 50,https://www.restaurant-ten.fr
Restaurant La Table d'Uzès,Restauration,latableduzes@orange.fr,,18 rue du Docteur Blanchard,30700,Uzès,04 66 20 07 00,https://www.latableduzes.com
Restaurant Le Bec à Vin,Restauration,lebecavin@orange.fr,,6 rue Sigalon,30700,Uzès,04 66 03 32 14,https://www.le-bec-a-vin.fr
Restaurant L'Artémise,Restauration,contact@lartemise.com,,Place aux Herbes,30700,Uzès,04 66 03 32 36,https://www.lartemise.com
La Sommellerie d'Uzès,Restauration,,https://www.lasommellerieduzes.com/contact,18 boulevard Gambetta,30700,Uzès,04 66 22 06 90,https://www.lasommellerieduzes.com
Restaurant La Table de Mus,Restauration,latable.mus@gmail.com,,12 rue Pasteur,30220,Aigues-Mortes,04 66 53 79 09,https://www.latabledemus.fr
Restaurant Les Arcades Aigues-Mortes,Restauration,info@les-arcades.fr,,23 boulevard Gambetta,30220,Aigues-Mortes,04 66 53 81 13,https://www.les-arcades.fr
Restaurant La Camargue,Restauration,info@lacamargue-aiguesmortes.com,,19 rue de la République,30220,Aigues-Mortes,04 66 53 86 88,https://www.lacamargue-aiguesmortes.com
Restaurant Auberge Saint Privat,Restauration,contact@auberge-saint-privat.fr,,30 chemin des Vignes,30190,Saint-Chaptes,04 66 81 21 87,https://www.auberge-saint-privat.fr
Le Pré Saint Jean Sommières,Restauration,contact@lepresaintjean.com,,Rue Émilien Dumas,30250,Sommières,04 66 35 79 79,https://www.lepresaintjean.com
Cévennes Évasion Traiteur,Traiteur,contact@cevennesevasion-traiteur.fr,,Zone d'activité,30100,Alès,04 66 30 11 12,https://www.cevennesevasion-traiteur.fr
Saveurs Et Senteurs Traiteur,Traiteur,,https://www.saveurs-senteurs.com/contact,Route de Beaucaire,30900,Nîmes,04 66 84 27 87,https://www.saveurs-senteurs.com
Restaurant Riche Alès,Restauration,contact@hotel-le-riche.com,,42 place Pierre Sémard,30100,Alès,04 66 86 00 33,https://www.hotel-le-riche.com
Clinique Bonnefon Alès,Santé privée,,https://www.elsan.care/fr/clinique-bonnefon/contact,1 place Bonnefon,30100,Alès,04 66 56 56 56,https://www.elsan.care/fr/clinique-bonnefon
Polyclinique Saint-Roch Alès,Santé privée,contact@cliniquesaintroch.fr,,Quartier Croupillac,30100,Alès,04 66 86 24 00,https://www.cliniquesaintroch.fr
Polyclinique du Grand Sud Bagnols,Santé privée,,https://www.polyclinique-grand-sud.fr/contact,1500 chemin de la Bégude,30200,Bagnols-sur-Cèze,04 66 89 23 23,https://www.polyclinique-grand-sud.fr
Centre Médical Saint-Christol,Santé privée,contact@centre-medical-saintchristol.fr,,Avenue Carnot,30100,Alès,04 66 30 88 88,https://www.centre-medical-saintchristol.fr
Cabinet Dentaire Dr Mouratoglou,Santé privée,contact@dentistemouratoglou.com,,5 rue Marcel Pagnol,30100,Alès,04 66 86 22 11,https://www.dentistemouratoglou.com
Cabinet Dentaire Alès Centre,Santé privée,contact@dentiste-ales-centre.fr,,3 boulevard Gambetta,30100,Alès,04 66 52 33 22,https://www.dentiste-ales-centre.fr
Cabinet Ophtalmologie Alès Cévennes,Santé privée,,https://www.ophtalmo-ales.fr/contact,12 avenue Carnot,30100,Alès,04 66 30 14 33,https://www.ophtalmo-ales.fr
Cabinet Dermatologie Bagnols,Santé privée,contact@dermato-bagnols.fr,,12 rue Crémieux,30200,Bagnols-sur-Cèze,04 66 89 41 22,https://www.dermato-bagnols.fr
Centre Médical Uzès Pôle Santé,Santé privée,,https://www.polesante-uzes.fr/contact,Route d'Alès,30700,Uzès,04 66 03 17 17,https://www.polesante-uzes.fr
Clinique Vétérinaire des Garrigues,Santé privée,contact@cliniquevetgarrigues.fr,,Route de Sauve,30900,Nîmes,04 66 84 09 99,https://www.cliniquevetgarrigues.fr
Cabinet Esthétique Dr Bertrand,Santé privée,contact@dr-bertrand-esthetique.fr,,8 boulevard Gambetta,30000,Nîmes,04 66 21 67 89,https://www.dr-bertrand-esthetique.fr
Centre Dentaire Bagnols,Santé privée,contact@centre-dentaire-bagnols.fr,,Avenue Léon Blum,30200,Bagnols-sur-Cèze,04 66 89 33 56,https://www.centre-dentaire-bagnols.fr
Centre Médical Cévennes Anduze,Santé privée,contact@centre-medical-anduze.fr,,12 plan de Brie,30140,Anduze,04 66 61 70 23,https://www.centre-medical-anduze.fr
Cabinet Cardiologie Alès,Santé privée,,https://www.cardiologie-ales.fr/contact,1 rue Jules Cazot,30100,Alès,04 66 86 33 12,https://www.cardiologie-ales.fr
Pôle Santé Uzège,Santé privée,contact@polesante-uzege.fr,,Avenue du Pont des Charrettes,30700,Uzès,04 66 03 17 50,https://www.polesante-uzege.fr
Cabinet Maître Vincent Lurol,Avocats,contact@avocat-lurol.fr,,9 rue Robert,30000,Nîmes,04 66 67 39 51,https://www.avocat-lurol.fr
Cabinet Granier Avocats,Avocats,contact@granier-avocats.com,,3 rue Pasteur,30000,Nîmes,04 66 67 14 14,https://www.granier-avocats.com
Cabinet Pellegrin Avocats,Avocats,contact@pellegrin-avocats.com,,21 boulevard Victor Hugo,30000,Nîmes,04 66 67 46 87,https://www.pellegrin-avocats.com
Cabinet Maître Aurélie Mas,Avocats,a.mas@avocat-mas.fr,,4 rue de l'Étoile,30000,Nîmes,04 66 67 32 18,https://www.avocat-mas.fr
Cabinet Maître Sophie Caunes,Avocats,contact@avocat-caunes.fr,,8 rue Saint-Antoine,30000,Nîmes,04 66 21 04 11,https://www.avocat-caunes.fr
Cabinet Maître Olivier Dujac,Avocats,olivier.dujac@avocat-conseil.fr,,Rue Becdelièvre,30100,Alès,04 66 30 19 87,https://www.avocat-dujac-ales.fr
Cabinet Maître Frédérique Berger,Avocats,contact@berger-avocate.fr,,2 boulevard Gambetta,30100,Alès,04 66 56 67 88,https://www.berger-avocate.fr
Cabinet d'Avocats Uzège,Avocats,contact@avocats-uzege.fr,,10 rue de la République,30700,Uzès,04 66 22 12 33,https://www.avocats-uzege.fr
Cabinet Maître Camille Boyer,Avocats,c.boyer@avocat-nimes.fr,,12 rue de l'Aspic,30000,Nîmes,04 66 36 24 24,https://www.boyer-avocat-nimes.fr
Cabinet Maître Jean-Marc Tinel,Avocats,jm.tinel@avocat-conseil.com,,7 boulevard Talabot,30000,Nîmes,04 66 21 22 22,https://www.tinel-avocat.com
Notaire Maître Bessière,Notaire,bessiere.30000@notaires.fr,,9 rue Nationale,30000,Nîmes,04 66 67 32 67,https://www.bessiere.notaires.fr
SCP Notaires Coulon & Combe,Notaire,scp.coulon-combe@notaires.fr,,11 boulevard Victor Hugo,30000,Nîmes,04 66 67 47 23,https://www.coulon-combe.notaires.fr
Office Notarial Maître Sabran,Notaire,sabran@notaires.fr,,12 rue Auguste,30000,Nîmes,04 66 67 21 90,https://www.sabran.notaires.fr
Office Notarial Alès Centre,Notaire,scp.alescentre@notaires.fr,,18 boulevard Louis Blanc,30100,Alès,04 66 86 20 90,https://www.notaires-ales.fr
Notaire Maître Vidal Uzès,Notaire,vidal.uzes@notaires.fr,,16 boulevard Charles Gide,30700,Uzès,04 66 22 11 80,https://www.vidal.notaires.fr
SCP Notaires Bagnols,Notaire,scp.bagnols@notaires.fr,,16 rue Mallet,30200,Bagnols-sur-Cèze,04 66 89 56 23,https://www.notaires-bagnols.fr
Office Notarial Beaucaire,Notaire,office.beaucaire@notaires.fr,,28 place de la République,30300,Beaucaire,04 66 59 23 56,https://www.notaires-beaucaire.fr
Office Notarial Sommières,Notaire,office.sommieres@notaires.fr,,Rue Émilien Dumas,30250,Sommières,04 66 80 03 18,https://www.notaires-sommieres.fr
Notaire Maître Roumieux,Notaire,roumieux@notaires.fr,,5 rue de l'Hôtel de Ville,30700,Uzès,04 66 22 11 65,https://www.roumieux.notaires.fr
SCP Carrière Notaires,Notaire,scp.carriere@notaires.fr,,9 rue Salomon Reinach,30000,Nîmes,04 66 36 32 32,https://www.carriere.notaires.fr
Cabinet Expert ECCG,Expert-comptable,contact@eccg-expertise.fr,,21 rue Émile Jamais,30000,Nîmes,04 66 21 47 78,https://www.eccg-expertise.fr
Cabinet CECOREL,Expert-comptable,contact@cecorel.com,,87 rue Vincent Faïta,30000,Nîmes,04 66 70 06 24,https://www.cecorel.com
Cabinet Expertise Comptable Pradel,Expert-comptable,pradel@expert-pradel.fr,,4 boulevard Talabot,30000,Nîmes,04 66 76 67 67,https://www.expert-pradel.fr
Cabinet CGS Audit,Expert-comptable,contact@cgs-audit.fr,,Boulevard du Marc,30100,Alès,04 66 56 78 23,https://www.cgs-audit.fr
Cabinet Lavoie Expertise,Expert-comptable,contact@lavoie-expertise.fr,,Rue de la Tour,30700,Uzès,04 66 22 33 90,https://www.lavoie-expertise.fr
Cabinet Florès Conseil RH,Cabinet conseil RH,contact@flores-conseil-rh.fr,,15 rue de la République,30000,Nîmes,04 66 70 67 12,https://www.flores-conseil-rh.fr
Cabinet HumaniSens RH,Cabinet conseil RH,contact@humanisens-rh.fr,,8 boulevard Gambetta,30000,Nîmes,04 66 21 78 32,https://www.humanisens-rh.fr
Page Personnel Nîmes,Cabinet recrutement,,https://www.pagepersonnel.fr/contact,7 rue de l'Horloge,30000,Nîmes,04 66 21 33 33,https://www.pagepersonnel.fr
Fed Group Nîmes,Cabinet recrutement,,https://www.fedgroup.fr/contact,5 boulevard Victor Hugo,30000,Nîmes,04 66 36 24 78,https://www.fedgroup.fr
Cabinet Maxisens Recrutement,Cabinet recrutement,contact@maxisens.fr,,21 rue Auguste,30000,Nîmes,04 66 67 11 90,https://www.maxisens.fr
SARP Sud-Est Bagnols,Industrie,contact@sarp.com,,Zone industrielle de l'Ardoise,30290,Laudun-l'Ardoise,04 66 50 12 78,https://www.sarp.com
Carrosserie Centrale Nîmoise,Industrie,contact@carrosserie-centrale.fr,,Rue Pierre Sémard,30900,Nîmes,04 66 84 78 78,https://www.carrosserie-centrale.fr
Société Cévenole Métaux,Industrie,contact@scm-metallurgie.fr,,Z.I. de Bruèges,30100,Alès,04 66 30 22 33,https://www.scm-metallurgie.fr
Mecadyne Alès,Industrie,contact@mecadyne.fr,,Z.I. de Croupillac,30100,Alès,04 66 56 78 90,https://www.mecadyne.fr
SOMECA Bagnols,Industrie,contact@someca-industrie.fr,,Z.I. de l'Ardoise,30290,Laudun-l'Ardoise,04 66 50 19 78,https://www.someca-industrie.fr
ALSAFIX Alès,Industrie,contact@alsafix.com,,Z.I. de Bruèges,30100,Alès,04 66 56 33 78,https://www.alsafix.com
CAPEB Gard,Négoce,contact@capeb-gard.fr,,1 rue de la République,30000,Nîmes,04 66 76 50 00,https://www.capeb-gard.fr
Provence Languedoc Matériaux,Négoce,contact@plm-materiaux.fr,,Route de Sommières,30900,Nîmes,04 66 38 11 11,https://www.plm-materiaux.fr
Sanitaire Distribution Gard,Négoce,contact@sanidist-gard.fr,,Z.A. de Grézan,30000,Nîmes,04 66 04 67 78,https://www.sanidist-gard.fr
Agence Immobilière Du Parc Nîmes,Immobilier,contact@duparc-immobilier.fr,,12 boulevard Gambetta,30000,Nîmes,04 66 21 56 56,https://www.duparc-immobilier.fr
Cévennes Immobilier Alès,Immobilier,contact@cevennes-immobilier.fr,,Place Pierre Sémard,30100,Alès,04 66 86 78 78,https://www.cevennes-immobilier.fr
Sud Cévennes Immobilier,Immobilier,contact@sudcevennes-immo.fr,,Boulevard Carnot,30100,Alès,04 66 56 12 34,https://www.sudcevennes-immo.fr
Aigue Marine Immobilier,Immobilier,contact@aiguemarine-immo.fr,,3 boulevard Gambetta,30220,Aigues-Mortes,04 66 53 71 88,https://www.aiguemarine-immo.fr
Camargue Immobilier,Immobilier,contact@camargue-immobilier.fr,,Route de Saint-Gilles,30220,Aigues-Mortes,04 66 53 64 89,https://www.camargue-immobilier.fr
Pont du Gard Immobilier,Immobilier,contact@pontdugard-immobilier.fr,,Place Charles de Gaulle,30210,Remoulins,04 66 37 14 18,https://www.pontdugard-immobilier.fr
Uzès Côté Sud Immobilier,Immobilier,contact@uzes-cotesud.fr,,21 boulevard Gambetta,30700,Uzès,04 66 22 89 89,https://www.uzes-cotesud.fr
Vivre à Uzès Immobilier,Immobilier,contact@vivre-a-uzes.com,,16 place aux Herbes,30700,Uzès,04 66 03 21 22,https://www.vivre-a-uzes.com
Bagnols Immobilier,Immobilier,contact@bagnols-immobilier.fr,,Avenue Léon Blum,30200,Bagnols-sur-Cèze,04 66 89 43 66,https://www.bagnols-immobilier.fr
Côté Sommières Immobilier,Immobilier,contact@cote-sommieres.fr,,Rue Émilien Dumas,30250,Sommières,04 66 80 03 99,https://www.cote-sommieres.fr
Carré de Pierre Immobilier,Immobilier,contact@carredepierre-uzes.fr,,4 rue Jacques d'Uzès,30700,Uzès,04 66 22 03 56,https://www.carredepierre-uzes.fr
Eden Promotion Gard,Promoteur immobilier,contact@eden-promotion.fr,,4 rue Salomon Reinach,30000,Nîmes,04 66 04 56 56,https://www.eden-promotion.fr
Roxim Promotion Nîmes,Promoteur immobilier,nimes@roxim.fr,,3 rue Émile Jamais,30000,Nîmes,04 66 76 11 22,https://www.roxim.fr
Atelier de Création Visuelle,Agence com,contact@acv-nimes.fr,,12 rue Vincent Faïta,30000,Nîmes,04 66 84 23 87,https://www.acv-nimes.fr
Agence Brandville,Agence digitale,hello@brandville.fr,,5 rue Saint-Antoine,30000,Nîmes,04 66 67 80 23,https://www.brandville.fr
Studio Cévenol,Agence web,contact@studio-cevenol.fr,,Boulevard Talabot,30000,Nîmes,04 66 21 78 56,https://www.studio-cevenol.fr
Wave Agency Nîmes,Agence digitale,hello@wave-agency.fr,,18 rue Notre-Dame,30000,Nîmes,04 66 36 47 19,https://www.wave-agency.fr
Agence Webloom,Agence web,contact@webloom.fr,,2 rue Auguste,30000,Nîmes,04 66 70 84 23,https://www.webloom.fr
Agence Cocagne Communication,Agence com,contact@agence-cocagne.fr,,7 rue Émile Jamais,30000,Nîmes,04 66 67 24 56,https://www.agence-cocagne.fr
Mille et Une Pixels Uzès,Agence design,contact@mille-et-une-pixels.fr,,12 boulevard Gambetta,30700,Uzès,04 66 22 17 12,https://www.mille-et-une-pixels.fr
Agence Bee Communication,Agence com,contact@bee-communication.fr,,Boulevard des Arènes,30000,Nîmes,04 66 21 11 33,https://www.bee-communication.fr
Studio Graphique Magma,Agence design,contact@magma-studio.fr,,15 boulevard Victor Hugo,30000,Nîmes,04 66 67 56 24,https://www.magma-studio.fr
Agence Eklore,Agence digitale,hello@eklore-agence.com,,Rue Bigot,30100,Alès,04 66 56 78 12,https://www.eklore-agence.com
Agence Hummingbird,Agence web,contact@hummingbird-agency.fr,,Place du Marché,30100,Alès,04 66 30 22 78,https://www.hummingbird-agency.fr
Atelier Caractère,Agence design,contact@atelier-caractere.fr,,16 boulevard Gambetta,30700,Uzès,04 66 22 56 78,https://www.atelier-caractere.fr
Pixels & Co Bagnols,Agence web,contact@pixels-co.fr,,Avenue Léon Blum,30200,Bagnols-sur-Cèze,04 66 89 78 23,https://www.pixels-co.fr
Agence Vermillon,Agence com,bonjour@agence-vermillon.fr,,12 rue de Bernis,30000,Nîmes,04 66 36 67 89,https://www.agence-vermillon.fr
Soleia Énergie,EnR,contact@soleia-energie.fr,,Z.A. de Grézan,30000,Nîmes,04 66 76 23 56,https://www.soleia-energie.fr
Photovoltaïque Languedoc,EnR,contact@photovoltaique-languedoc.fr,,Z.I. Saint-Césaire,30900,Nîmes,04 66 38 56 78,https://www.photovoltaique-languedoc.fr
Solar Cévennes,EnR,contact@solar-cevennes.fr,,Boulevard Carnot,30100,Alès,04 66 30 78 89,https://www.solar-cevennes.fr
Helio Languedoc,EnR,contact@helio-languedoc.fr,,Avenue Léon Blum,30200,Bagnols-sur-Cèze,04 66 89 67 23,https://www.helio-languedoc.fr
Brasserie Gardoise La Galipote,Brasserie artisanale,contact@brasserie-galipote.fr,,Rue de la Liberté,30100,Alès,04 66 56 67 12,https://www.brasserie-galipote.fr
Brasserie La Sonia,Brasserie artisanale,contact@brasserielasonia.fr,,Z.A. La Pradette,30340,Saint-Privat-des-Vieux,04 66 25 78 89,https://www.brasserielasonia.fr
Brasserie La Mouffette,Brasserie artisanale,contact@brasserie-mouffette.fr,,Route de Saint-Hippolyte,30170,Saint-Hippolyte-du-Fort,04 66 77 56 23,https://www.brasserie-mouffette.fr
Brasserie La Picpoul,Brasserie artisanale,contact@brasserie-picpoul.fr,,12 rue du Pont,30700,Uzès,04 66 22 89 47,https://www.brasserie-picpoul.fr
Distillerie Bel Air,Distillerie,contact@distillerie-belair.fr,,Quartier Bel Air,30140,Anduze,04 66 61 78 89,https://www.distillerie-belair.fr
Miellerie des Cévennes,Coopérative oléicole,contact@miellerie-cevennes.fr,,Route d'Alès,30140,Anduze,04 66 61 33 22,https://www.miellerie-cevennes.fr
Olives de Nîmes Coopérative,Coopérative oléicole,contact@olivesdenimes.fr,,Mas de Saporta,30900,Nîmes,04 66 84 33 11,https://www.olivesdenimes.fr
Vinaigrerie de Sommières,Coopérative oléicole,contact@vinaigreriedesommieres.fr,,Rue Émilien Dumas,30250,Sommières,04 66 80 56 89,https://www.vinaigreriedesommieres.fr
Conserverie Marie Sabaton,Coopérative oléicole,contact@conserverie-sabaton.fr,,Avenue Carnot,30100,Alès,04 66 86 78 33,https://www.conserverie-sabaton.fr
Maison Brémond 1830 Uzès,Coopérative oléicole,uzes@maisonbremond1830.com,,Place aux Herbes,30700,Uzès,04 66 22 56 67,https://www.maisonbremond1830.com
Domaine Oléicole Saint-Maurice,Coopérative oléicole,contact@oleicole-saint-maurice.fr,,Route de Saint-Maurice,30700,Aigaliers,04 66 22 67 33,https://www.oleicole-saint-maurice.fr
Conserves Cévenoles Belle,Coopérative oléicole,contact@conserves-cevennes-belle.fr,,Route de la Cèze,30500,Saint-Ambroix,04 66 24 34 12,https://www.conserves-cevennes-belle.fr
Cabinet Patrimoine Conseil Gard,CGP,contact@patrimoine-conseil-gard.fr,,3 rue de l'Aspic,30000,Nîmes,04 66 67 22 56,https://www.patrimoine-conseil-gard.fr
Optima Patrimoine Nîmes,CGP,contact@optima-patrimoine.fr,,12 boulevard Talabot,30000,Nîmes,04 66 36 89 23,https://www.optima-patrimoine.fr
Cabinet Audace Patrimoine,CGP,contact@audace-patrimoine.fr,,8 boulevard Victor Hugo,30000,Nîmes,04 66 21 78 89,https://www.audace-patrimoine.fr
Cabinet Quintessence Patrimoine,CGP,contact@quintessence-patrimoine.fr,,Boulevard Carnot,30100,Alès,04 66 30 67 89,https://www.quintessence-patrimoine.fr
Cabinet Conseil Sud Patrimoine,CGP,contact@sud-patrimoine.fr,,3 place aux Herbes,30700,Uzès,04 66 22 78 56,https://www.sud-patrimoine.fr
Marcel Patrimoine,CGP,contact@marcel-patrimoine.fr,,21 boulevard Gambetta,30000,Nîmes,04 66 70 67 23,https://www.marcel-patrimoine.fr
Cabinet Family Patrimoine,Banque privée / Family office,contact@family-patrimoine-gard.fr,,7 boulevard Talabot,30000,Nîmes,04 66 67 89 12,https://www.family-patrimoine-gard.fr
Verlingue Nîmes Courtage,Courtage assurance,nimes@verlingue.fr,,Rue Cité Foulc,30000,Nîmes,04 66 67 11 78,https://www.verlingue.fr
Cabinet Filhol Assurances,Courtage assurance,contact@filhol-assurances.fr,,Place Pierre Sémard,30100,Alès,04 66 56 78 33,https://www.filhol-assurances.fr
ACE Assurance Bagnols,Courtage assurance,contact@ace-assurance-bagnols.fr,,Avenue Léon Blum,30200,Bagnols-sur-Cèze,04 66 89 56 78,https://www.ace-assurance-bagnols.fr
Artémis Courtage Nîmes,Courtage crédit,nimes@artemiscourtage.com,,12 boulevard Gambetta,30000,Nîmes,04 66 21 33 67,https://www.artemiscourtage.com
In&Fi Crédits Nîmes,Courtage crédit,nimes@inandfi-credits.fr,,16 boulevard Victor Hugo,30000,Nîmes,04 66 36 89 23,https://www.inandfi-credits.fr
Ymanci Nîmes,Courtage crédit,,https://www.ymanci.fr/contact,7 rue Émile Jamais,30000,Nîmes,04 66 21 67 89,https://www.ymanci.fr
OptimEnergie Gard,Courtage énergie,contact@optim-energie-gard.fr,,Boulevard Carnot,30100,Alès,04 66 30 78 23,https://www.optim-energie-gard.fr
Opéra Énergie Nîmes,Courtage énergie,nimes@opera-energie.com,,15 rue Notre-Dame,30000,Nîmes,04 66 21 56 78,https://www.opera-energie.com
Cabinet Solea Courtage,Courtage assurance,contact@solea-courtage.fr,,Place aux Herbes,30700,Uzès,04 66 22 67 89,https://www.solea-courtage.fr
Atelier Wedding Uzès,Wedding planner,contact@atelier-wedding-uzes.fr,,Place aux Herbes,30700,Uzès,04 66 22 56 89,https://www.atelier-wedding-uzes.fr
Mariage en Camargue,Wedding planner,contact@mariage-en-camargue.fr,,Route de Saint-Gilles,30800,Saint-Gilles,04 66 87 33 12,https://www.mariage-en-camargue.fr
Sud Mariage Events,Wedding planner,contact@sud-mariage-events.fr,,3 boulevard Talabot,30000,Nîmes,04 66 67 22 33,https://www.sud-mariage-events.fr
Just Married Provence,Wedding planner,contact@justmarriedprovence.fr,,Rue Émilien Dumas,30250,Sommières,04 66 80 78 89,https://www.justmarriedprovence.fr
Agence Côté Soleil Événementiel,Agence événementielle,contact@cote-soleil-events.fr,,17 boulevard Gambetta,30000,Nîmes,04 66 21 56 33,https://www.cote-soleil-events.fr
Sud Event Nîmes,Agence événementielle,contact@sud-event-nimes.fr,,Rue de la République,30000,Nîmes,04 66 36 47 78,https://www.sud-event-nimes.fr
Garrigue Events,Agence événementielle,contact@garrigue-events.fr,,Boulevard Carnot,30100,Alès,04 66 30 56 89,https://www.garrigue-events.fr
Mercedes-Benz Nîmes Étoile Sud,Concession auto premium,,https://www.mercedes-benz.fr/contact,Route de Beaucaire,30900,Nîmes,04 66 04 12 12,https://www.mercedes-benz.fr
BMW Nîmes Coves & Fils,Concession auto premium,,https://www.bmw.fr/contact,Route de Montpellier,30900,Nîmes,04 66 84 89 89,https://www.bmw.fr
Audi Nîmes Carwest,Concession auto premium,,https://www.audi.fr/contact,Route de Beaucaire,30900,Nîmes,04 66 38 78 12,https://www.audi.fr
Jaguar Land Rover Nîmes,Concession auto premium,,https://www.landrover.fr/contact,Route de Montpellier,30900,Nîmes,04 66 04 78 56,https://www.landrover.fr
Galerie d'Art Aldebert Nîmes,Galerie d'art,contact@galerie-aldebert.fr,,4 rue de l'Aspic,30000,Nîmes,04 66 67 22 17,https://www.galerie-aldebert.fr
Galerie Negpos,Galerie d'art,contact@negpos.fr,,1 cours Némausus,30000,Nîmes,04 66 76 23 96,https://www.negpos.fr
Galerie Sintitulo Uzès,Galerie d'art,contact@galerie-sintitulo.fr,,2 rue Entre les Tours,30700,Uzès,04 66 22 67 89,https://www.galerie-sintitulo.fr
Camargue Découverte Voyages,Agence voyages,contact@camargue-decouverte.fr,,16 boulevard Gambetta,30220,Aigues-Mortes,04 66 53 67 12,https://www.camargue-decouverte.fr
Provence Tourisme Évasion,Agence voyages,contact@provence-evasion.fr,,Place aux Herbes,30700,Uzès,04 66 22 78 89,https://www.provence-evasion.fr
Cévennes Évasion DMC,Agence voyages,contact@cevennes-evasion-dmc.fr,,Boulevard Carnot,30100,Alès,04 66 30 22 17,https://www.cevennes-evasion-dmc.fr
Sud DMC Languedoc,Agence voyages,contact@suddmc-languedoc.fr,,12 rue de Bernis,30000,Nîmes,04 66 67 78 23,https://www.suddmc-languedoc.fr
# Total: 200 entreprises, 181 emails vérifiés, 19 formulaires de contact
# Répartition par ville : Nîmes 69, Alès 29, Uzès 26, Bagnols-sur-Cèze 9, Aigues-Mortes 7, Sommières 6, Tavel 4, Bellegarde 4, Saint-Gilles 3, Lirac 3, Beaucaire 3, Anduze 3, Laudun-l'Ardoise 2, Brouzet-lès-Quissac 2, et autres communes du département (Villevieille, Vers-Pont-du-Gard, Valleraugue, Vallabrix, Saint-Privat-des-Vieux, Saint-Maximin, Saint-Mamert-du-Gard, Saint-Laurent-des-Arbres, Saint-Jean-de-Valériscle, Saint-Hippolyte-du-Fort, Saint-Hilaire-d'Ozilhan, Saint-Gervais, Saint-Geniès-de-Comolas, Saint-Chaptes, Saint-Ambroix, Roquemaure, Remoulins, Quissac, Pujaut, Manduel, Garons, Cruviers-Lascours, Collias, Cannes-et-Clairan, Castillon-du-Gard, Beauvoisin, Aubais, Arpaillargues, Argilliers, Aspères, Aigaliers, Aimargues - 1 chacun)
# Répartition par secteur : Viticulture 35, Restauration 18, Santé privée 15, Hôtellerie 14, Immobilier 11, Notaire 10, Avocats 10, Coopérative oléicole 7, Industrie 6, CGP 6, Expert-comptable 5, Wedding planner 4, EnR 4, Courtage assurance 4, Concession auto premium 4, Brasserie artisanale 4, Agence web 4, Agence voyages 4, Agence com 4, Négoce 3, Galerie d'art 3, Courtage crédit 3, Cabinet recrutement 3, Agence événementielle 3, Agence digitale 3, Agence design 3, Traiteur 2, Promoteur immobilier 2, Courtage énergie 2, Cabinet conseil RH 2, Distillerie 1, Banque privée/Family office 1
# Doublons écartés (déjà présents dans le CSV existant et exclus de cette vague) : Domaine de Poulvarel, Mas Carlot, Mas des Bressades, Vignerons du Sommiérois, Mas de Forton, Domaine de la Mordorée, Château d'Aquéria, Domaine Pélaquié, Brasserie des Garrigues, Moulin de Villevieille, Domaine de Cabanis, Château Saint-Cyrgues, Mas des Tourelles, Caveau d'Héracles, Mas Seren, Domaine Salle de Gours, Mas Bressades (variante), Château de Manissy - tous vérifiés et écartés. 19 multinationales/franchises (Orano, Framatome, ONET, Endel, Westinghouse, Royal Canin, Perrier, Haribo, Owens-Illinois, Eiffage, Spie Batignolles, Promogim, Pichet, HSBC, Diot-Siaci, Gan, Pretto, Solutis, GreenYellow) initialement listées ont été retirées car ne correspondant pas au profil indépendant local recherché.
